{
    "background": {
        "r": 0,
        "g": 128,
        "b": 128
    },
    "main-menu-bg": {
        "r": 128,
        "g": 128,
        "b": 0
    },
    "main-menu-ground": {
        "r": 128,
        "g": 0,
        "b": 128
    },
    "play-loading-progress": {
        "r": 255,
        "g": 255,
        "b": 255
    },
    "play-loading-outer": {
        "r": 0,
        "g": 0,
        "b": 0,
        "a": 128
    },
    "play-loading-center": {
        "r": 128,
        "g": 128,
        "b": 128,
        "a": 128
    },
    "play-loading-inner": {
        "r": 0,
        "g": 0,
        "b": 0,
        "a": 128
    }
}