{
    "children": {
        "node": {
            "creator-buttons-menu": {
                "children": {
                    "all": {
                        "event": {
                            "on-activate": {
                                "attributes": {
                                    "sound": "click.ogg",
                                    "actions": [
                                        {
                                            "type": "Stop"
                                        },
                                        {
                                            "type": "RotateTo",
                                            "value": 0,
                                            "duration": 0
                                        },
                                        {
                                            "type": "ScaleTo",
                                            "value": 1,
                                            "duration": 0
                                        }
                                    ]
                                }
                            },
                            "on-release": {
                                "attributes": {
                                    "actions": [
                                        {
                                            "type": "Stop"
                                        },
                                        {
                                            "type": "RotateTo",
                                            "value": 0,
                                            "duration": 0.1
                                        },
                                        {
                                            "type": "ScaleTo",
                                            "value": 1,
                                            "duration": 0.1
                                        }
                                    ]
                                }
                            },
                            "on-click": {
                                "attributes": {
                                    "actions": [
                                        {
                                            "type": "Stop"
                                        },
                                        {
                                            "type": "RotateTo",
                                            "value": 10,
                                            "duration": 0.1
                                        },
                                        {
                                            "type": "ScaleTo",
                                            "value": 1.1,
                                            "duration": 0.1
                                        }
                                    ]
                                }
                            }
                        }
                    }
                }
            }
        }
    }
}