{
    "children": {
        "node": {
            "main-menu-bg": {
                "attributes": {
                    "scale": {
                        "x": -1,
                        "y": 1
                    }
                }
            },
            "main-title": {
                "attributes": {
                    "sprite": "happy_textures.png"
                }
            },
            "social-media-menu": {
                "attributes": {
                    "visible": false
                }
            },
            "profile-menu": {
                "attributes": {
                    "position": {
                        "anchor": "self",
                        "x": 5,
                        "y": -60
                    }
                },
                "children": {
                    "all": {
                        "attributes": {
                            "scale-multiplier": 1.1
                            
                        },
                        "children": {
                            "all": {
                                "attributes": {
                                    "actions": [
                                        {
                                            "type": "RotateBy",
                                            "repeat": true,
                                            "value": 180,
                                            "duration": 1
                                        }
                                    ]
                                }
                            }
                        }
                    }
                }
            },
            "player-username": {
                "attributes": {
                    "position": {
                        "anchor": "self",
                        "x": 0,
                        "y": -95
                    },
                    "font": "gjFont07.fnt",
                    "actions": [
                        {
                            "type": "RotateBy",
                            "repeat": true,
                            "value": 180,
                            "duration": 1
                        }
                    ],
                    "color": {
                        "r": 255,
                        "g": 0,
                        "b": 0
                    }
                }
            }
        },
        "new": [
            {
                "type": "CCMenu",
                "id": "my-very-cool-menu",
                "attributes": {
                    "ignore-anchor-pos": false
                },
                "children": {
                    "new": [
                        {
                            "type": "CCMenuItemSpriteExtra",
                            "id": "my-very-cool-button",
                            "attributes": {
                                "sprite": "happy_textures.png",
                                "position": {
                                    "anchor": "center-left",
                                    "x": 45,
                                    "y": 0
                                },
                                "base-scale": 0.5,
                                "scale": 0.5
                            },
                            "children": {
                                "all": {
                                    "attributes": {
                                        "color": {
                                            "r": 0,
                                            "g": 255,
                                            "b": 0
                                        },
                                        "blending": {
                                            "source": "GL_ONE_MINUS_SRC_COLOR",
                                            "destination": "GL_ONE_MINUS_SRC_ALPHA"
                                        }
                                    }
                                }
                            },
                            "event": {
                                "on-activate": {
                                    "children": {
                                        "new": [
                                            {
                                                "type": "Alert",
                                                "id": "alert-on-activate",
                                                "attributes": {
                                                    "title": "Example Alert",
                                                    "description": "This happened when I activated a button!",
                                                    "button-text": "Yay!",
                                                    "show": true
                                                }
                                            }
                                        ]
                                    }
                                }
                            }
                        }
                    ]
                }
            }
        ]
    }
}